{ "name" : "Gratis",
"plugin" : "plugin.video.gratis",
"priority" : 500,
"is_resolvable"    : "true",
"play_episode" : [ "plugin://plugin.video.gratis/?_id&description=Search%20Movies%20and%20Shows&episode_number&fanart=%2fUsers%2faxgomez%2fLibrary%2fApplication%20Support%2fKodi%2faddons%2fplugin.video.gratis%2ffanart.jpg&foldername&icon=%2fUsers%2faxgomez%2fLibrary%2fApplication%20Support%2fKodi%2faddons%2fplugin.video.gratis%2ficon.png&mediatype=video&mode=bst_search&name=Search%20Series&name2&page&season_number&url", 
{"keyboard": "{showname}"},
{"title": "(?i).*{showname}.*"},
{"title": "(?i).*{season}.*{episode}.*"} ],
"search_episode" : [ "plugin://plugin.video.gratis/?_id&description=Search%20Movies%20and%20Shows&episode_number&fanart=%2fUsers%2faxgomez%2fLibrary%2fApplication%20Support%2fKodi%2faddons%2fplugin.video.gratis%2ffanart.jpg&foldername&icon=%2fUsers%2faxgomez%2fLibrary%2fApplication%20Support%2fKodi%2faddons%2fplugin.video.gratis%2ficon.png&mediatype=video&mode=bst_search&name=Search%20Series&name2&page&season_number&url", 
{"dialog": "true"},
{"title": "(?i).*{season}.*{episode}.*"} ]

}
