<?xml version="1.0" encoding="UTF-8"?>
    <addon id="repository.axgomez" name="My Kodi Addons" version="0.1.0" provider-name="Javi Gomez">
        <requires>
            <import addon="xbmc.addon" version="12.0.0"/>
        </requires>
        <extension point="xbmc.addon.repository" name="My Kodi Addons">
            <info compressed="false">https://raw.githubusercontent.com/axgomez/kodi/master/_repo/addons.xml</info>
            <checksum>https://raw.githubusercontent.com/axgomez/kodi/master/_repo/addons.xml.md5</checksum>
            <datadir zip="true">https://raw.githubusercontent.com/axgomez/kodi/master/_repo/</datadir>
            <hashes>false</hashes>
        </extension>
        <extension point="xbmc.addon.metadata">
            <summary>My Favourite Kodi Addons</summary>
            <description>A Collection of some of my favourite video add ons for Kodi</description>
            <platform>all</platform>
    </extension>
</addon>