{ "name" : "WatchNixtoons2",
"plugin" : "plugin.video.watchnixtoons2",
"priority" : 500,
"is_resolvable"    : "true",
"play_episode" : [ "plugin://plugin.video.watchnixtoons2/?action=actionSearchMenu&path=%2fsearch&searchTitle=Search%20Cartoon%2fAnime%20Name&searchType=episodes",
{"keyboard": "{title}"}, {"title": "(?i).*({showname})?.*{title}.*"} ],
"search_episode" : [ "plugin://plugin.video.watchnixtoons2/?action=actionSearchMenu&path=%2fsearch&searchTitle=Search%20Cartoon%2fAnime%20Name&searchType=episodes",
{"keyboard": "{title}"},  {"dialog": "True"} ], 
"play_movie" : [ "plugin://plugin.video.watchnixtoons2/?action=actionSearchMenu&path=%2fsearch&searchTitle=Search%20Movie%20Name&searchType=movies",
{"keyboard": "{title}"}, {"title": "(?i).*{title}.*"} ],
"search_movie" : [ "plugin://plugin.video.watchnixtoons2/?action=actionSearchMenu&path=%2fsearch&searchTitle=Search%20Movie%20Name&searchType=movies",
{"keyboard": "{title}"},  {"dialog": "True"} ]
}